{
  "0": {
    "parents": [
      2
    ],
    "prob": [
      [
        [
          0
        ],
        0.7532331810587024
      ],
      [
        [
          1
        ],
        0.602620946051297
      ]
    ]
  },
  "1": {
    "parents": [],
    "prob": [
      [
        [],
        0.1975221013723432
      ]
    ]
  },
  "2": {
    "parents": [],
    "prob": [
      [
        [],
        0.5210185675766912
      ]
    ]
  },
  "3": {
    "parents": [
      1
    ],
    "prob": [
      [
        [
          0
        ],
        0.8552297972708628
      ],
      [
        [
          1
        ],
        0.3060694969643485
      ]
    ]
  },
  "4": {
    "parents": [
      0,
      1
    ],
    "prob": [
      [
        [
          0,
          0
        ],
        0.9571291745205577
      ],
      [
        [
          0,
          1
        ],
        0.2555082982459577
      ],
      [
        [
          1,
          0
        ],
        0.07336468855635056
      ],
      [
        [
          1,
          1
        ],
        0.5863727559584007
      ]
    ]
  }
}