{
  "0": {
    "parents": [
      3
    ],
    "prob": [
      [
        [
          0
        ],
        0.7135254900027227
      ],
      [
        [
          1
        ],
        0.029890109179006922
      ]
    ]
  },
  "1": {
    "parents": [
      9
    ],
    "prob": [
      [
        [
          0
        ],
        0.4602630277477498
      ],
      [
        [
          1
        ],
        0.33806597221925844
      ]
    ]
  },
  "2": {
    "parents": [
      4
    ],
    "prob": [
      [
        [
          0
        ],
        0.39215929407104777
      ],
      [
        [
          1
        ],
        0.7779798258170508
      ]
    ]
  },
  "3": {
    "parents": [
      8
    ],
    "prob": [
      [
        [
          0
        ],
        0.2954269725918608
      ],
      [
        [
          1
        ],
        0.8265012242295094
      ]
    ]
  },
  "4": {
    "parents": [],
    "prob": [
      [
        [],
        0.8554410283579829
      ]
    ]
  },
  "5": {
    "parents": [
      1,
      8
    ],
    "prob": [
      [
        [
          0,
          0
        ],
        0.873207590659044
      ],
      [
        [
          0,
          1
        ],
        0.8582122782675203
      ],
      [
        [
          1,
          0
        ],
        0.359616310914408
      ],
      [
        [
          1,
          1
        ],
        0.9776078704026251
      ]
    ]
  },
  "6": {
    "parents": [
      0
    ],
    "prob": [
      [
        [
          0
        ],
        0.8931248560105329
      ],
      [
        [
          1
        ],
        0.6975354718587167
      ]
    ]
  },
  "7": {
    "parents": [
      9
    ],
    "prob": [
      [
        [
          0
        ],
        0.23101887269770374
      ],
      [
        [
          1
        ],
        0.2177395088251902
      ]
    ]
  },
  "8": {
    "parents": [],
    "prob": [
      [
        [],
        0.29624982936138633
      ]
    ]
  },
  "9": {
    "parents": [
      2
    ],
    "prob": [
      [
        [
          0
        ],
        0.4313755488612513
      ],
      [
        [
          1
        ],
        0.0784957325949678
      ]
    ]
  }
}